{
    "BoundingBox_center": [0, 0, 0],
    "Content_name": "Breaktime",
    "Fps": 30,
    "Frames_number": 300,
    "Informative": {
        "Converted_by": "VSRS_to_JSON.py",
        "New_units": "m",
        "Original_units": "m"
    },
    "Version": "4.0",
    "cameras": [
        {
            "Background": 1,
            "BitDepthColor": 10,
            "BitDepthDepth": 16,
            "ColorSpace": "YUV420",
            "DepthColorSpace": "YUV420",
            "Depth_range": [1.5, 5.0],
            "Depthmap": 1,
            "Focal": [2150.35077, 2150.179751],
            "HasInvalidDepth": true,
            "Name": "viewport",
            "Position": [0, 0, 0],
            "Principle_point": [957.107557, 542.110194],
            "Projection": "Perspective",
            "Resolution": [1920, 1080],
            "Rotation": [0, 0, 0]
        }, {
            "Background": 0,
            "BitDepthColor": 10,
            "BitDepthDepth": 16,
            "ColorSpace": "YUV420",
            "DepthColorSpace": "YUV420",
            "Depth_range": [1.5, 5.0],
            "Depthmap": 1,
            "Focal": [2153.209115, 2152.509589],
            "Name": "v0",
            "Position": [0.004953, -0.22469, 0.298564],
            "Principle_point": [939.660814, 521.735268],
            "Projection": "Perspective",
            "Resolution": [1920, 1080],
            "Rotation": [-0.007276571235611378, 0.06187947919582266, -0.230559047337944]
        }, {
            "Background": 0,
            "BitDepthColor": 10,
            "BitDepthDepth": 16,
            "ColorSpace": "YUV420",
            "DepthColorSpace": "YUV420",
            "Depth_range": [1.5, 5.0],
            "Depthmap": 1,
            "Focal": [2147.459253, 2146.847644],
            "Name": "v1",
            "Position": [0.00145, -0.074665, 0.304605],
            "Principle_point": [936.96749, 521.232043],
            "Projection": "Perspective",
            "Resolution": [1920, 1080],
            "Rotation": [-0.48943409480873784, -0.3234362581848388, -0.13722573684149586]
        }, {
            "Background": 0,
            "BitDepthColor": 10,
            "BitDepthDepth": 16,
            "ColorSpace": "YUV420",
            "DepthColorSpace": "YUV420",
            "Depth_range": [1.5, 5.0],
            "Depthmap": 1,
            "Focal": [2127.933114, 2128.292773],
            "Name": "v2",
            "Position": [0.013291, 0.077563, 0.30282],
            "Principle_point": [927.649625, 510.237079],
            "Projection": "Perspective",
            "Resolution": [1920, 1080],
            "Rotation": [-0.426576259899996, -0.2805213413194683, -0.1784788100413516]
        }, {
            "Background": 0,
            "BitDepthColor": 10,
            "BitDepthDepth": 16,
            "ColorSpace": "YUV420",
            "DepthColorSpace": "YUV420",
            "Depth_range": [1.5, 5.0],
            "Depthmap": 1,
            "Focal": [2128.905985, 2127.797283],
            "Name": "v3",
            "Position": [0.010194, 0.229147, 0.303321],
            "Principle_point": [940.249703, 523.105153],
            "Projection": "Perspective",
            "Resolution": [1920, 1080],
            "Rotation": [-0.24316474629644266, -0.15080259498130183, -0.4326460528255322]
        }, {
            "Background": 0,
            "BitDepthColor": 10,
            "BitDepthDepth": 16,
            "ColorSpace": "YUV420",
            "DepthColorSpace": "YUV420",
            "Depth_range": [1.5, 5.0],
            "Depthmap": 1,
            "Focal": [2139.122152, 2137.906842],
            "Name": "v4",
            "Position": [0.005901, -0.302512, 0.153035],
            "Principle_point": [932.108957, 533.150306],
            "Projection": "Perspective",
            "Resolution": [1920, 1080],
            "Rotation": [-0.025382028663896307, -0.014782309335878756, -0.17933610090910498]
        }, {
            "Background": 0,
            "BitDepthColor": 10,
            "BitDepthDepth": 16,
            "ColorSpace": "YUV420",
            "DepthColorSpace": "YUV420",
            "Depth_range": [1.5, 5.0],
            "Depthmap": 1,
            "Focal": [2136.509133, 2135.114909],
            "Name": "v5",
            "Position": [0.003944, -0.152002, 0.15231],
            "Principle_point": [951.911589, 541.950815],
            "Projection": "Perspective",
            "Resolution": [1920, 1080],
            "Rotation": [-0.49114851135995424, 0.2097602246564124, -0.31627644859288007]
        }, {
            "Background": 0,
            "BitDepthColor": 10,
            "BitDepthDepth": 16,
            "ColorSpace": "YUV420",
            "DepthColorSpace": "YUV420",
            "Depth_range": [1.5, 5.0],
            "Depthmap": 1,
            "Focal": [2145.774745, 2145.612456],
            "Name": "v6",
            "Position": [0.005597, -0.000317, 0.152352],
            "Principle_point": [943.776604, 533.75545],
            "Projection": "Perspective",
            "Resolution": [1920, 1080],
            "Rotation": [-0.07465665708110995, -0.1477086577998645, -0.39305349416825075]
        }, {
            "Background": 0,
            "BitDepthColor": 10,
            "BitDepthDepth": 16,
            "ColorSpace": "YUV420",
            "DepthColorSpace": "YUV420",
            "Depth_range": [1.5, 5.0],
            "Depthmap": 1,
            "Focal": [2133.152494, 2132.698343],
            "Name": "v7",
            "Position": [0.009422, 0.153968, 0.150685],
            "Principle_point": [956.708046, 533.359451],
            "Projection": "Perspective",
            "Resolution": [1920, 1080],
            "Rotation": [-0.6384606682152253, -0.07419806086783721, -0.400214516331652]
        }, {
            "Background": 0,
            "BitDepthColor": 10,
            "BitDepthDepth": 16,
            "ColorSpace": "YUV420",
            "DepthColorSpace": "YUV420",
            "Depth_range": [1.5, 5.0],
            "Depthmap": 1,
            "Focal": [2143.285146, 2141.77817],
            "Name": "v8",
            "Position": [-0.001044, 0.302689, 0.152438],
            "Principle_point": [991.085131, 549.367522],
            "Projection": "Perspective",
            "Resolution": [1920, 1080],
            "Rotation": [-0.3271605799709155, -0.024522584724033555, -0.2936421164387411]
        }, {
            "Background": 0,
            "BitDepthColor": 10,
            "BitDepthDepth": 16,
            "ColorSpace": "YUV420",
            "DepthColorSpace": "YUV420",
            "Depth_range": [1.5, 5.0],
            "Depthmap": 1,
            "Focal": [2152.412579, 2150.966008],
            "Name": "v9",
            "Position": [-0.004628, -0.304565, 0.000817],
            "Principle_point": [958.719459, 538.250039],
            "Projection": "Perspective",
            "Resolution": [1920, 1080],
            "Rotation": [-0.2262048242964777, 0.11321656278717096, -0.4729829432634139]
        }, {
            "Background": 0,
            "BitDepthColor": 10,
            "BitDepthDepth": 16,
            "ColorSpace": "YUV420",
            "DepthColorSpace": "YUV420",
            "Depth_range": [1.5, 5.0],
            "Depthmap": 1,
            "Focal": [2138.814729, 2137.804431],
            "Name": "v10",
            "Position": [-0.004945, -0.152475, 0.000201],
            "Principle_point": [944.645139, 537.163818],
            "Projection": "Perspective",
            "Resolution": [1920, 1080],
            "Rotation": [-0.28097962202849536, 0.015928225901195955, -0.22757946003310925]
        }, {
            "Background": 0,
            "BitDepthColor": 10,
            "BitDepthDepth": 16,
            "ColorSpace": "YUV420",
            "DepthColorSpace": "YUV420",
            "Depth_range": [1.5, 5.0],
            "Depthmap": 1,
            "Focal": [2150.35077, 2150.179751],
            "Name": "v11",
            "Position": [0.0, 0.0, 0.0],
            "Principle_point": [957.107557, 542.110194],