{
    "BoundingBox_center": [0.0, 0.0, 2.5],
    "Content_name": "CBA Basketball, MIV verification test",
    "Fps": 30,
    "Frames_number": 97,
    "Informative": {
        "Cameras_number": 15,
        "RigRadius": 4.0
    },
    "Version": "4.0",
    "cameras": [
        {
            "Background": 1,
            "BitDepthColor": 10,
            "BitDepthDepth": 16,
            "ColorSpace": "YUV420",
            "DepthColorSpace": "YUV420",
            "Depth_range": [20, 1000],
            "Depthmap": 1,
            "Focal": [1564.9725172131148, 1575.8469139344263],
            "HasInvalidDepth": false,
            "Name": "viewport",
            "Position": [-37.46, -45.98, 71.5],
            "Principle_point": [960, 540],
            "Projection": "Perspective",
            "Resolution": [1920, 1080],
            "Rotation": [40.268441400491206, -3.8183799397667086, 132.5599237938102]
        }, {
            "Background": 1,
            "BitDepthColor": 10,
            "BitDepthDepth": 16,
            "ColorSpace": "YUV420",
            "DepthColorSpace": "YUV420",
            "Depth_range": [20, 1000],
            "Depthmap": 1,
            "Focal": [1564.9725172131148, 1575.8469139344263],
            "HasInvalidDepth": false,
            "Name": "v00",
            "Position": [-37.46, -45.98, 71.5],
            "Principle_point": [1024, 544],
            "Projection": "Perspective",
            "Resolution": [2048, 1088],
            "Rotation": [40.268441400491206, -3.8183799397667086, 132.5599237938102]
        }, {
            "Background": 1,
            "BitDepthColor": 10,
            "BitDepthDepth": 16,
            "ColorSpace": "YUV420",
            "DepthColorSpace": "YUV420",
            "Depth_range": [20, 1000],
            "Depthmap": 1,
            "Focal": [1564.9725172131148, 1575.8469139344263],
            "HasInvalidDepth": false,
            "Name": "v01",
            "Position": [-38.05, -42.65, 66.36],
            "Principle_point": [1024, 544],
            "Projection": "Perspective",
            "Resolution": [2048, 1088],
            "Rotation": [38.57821460083664, -5.770199823700131, 129.0036408041545]
        }, {
            "Background": 1,
            "BitDepthColor": 10,
            "BitDepthDepth": 16,
            "ColorSpace": "YUV420",
            "DepthColorSpace": "YUV420",
            "Depth_range": [20, 1000],
            "Depthmap": 1,
            "Focal": [1564.9725172131148, 1575.8469139344263],
            "HasInvalidDepth": false,
            "Name": "v02",
            "Position": [-38.4, -39.28, 61.1],
            "Principle_point": [1024, 544],
            "Projection": "Perspective",
            "Resolution": [2048, 1088],
            "Rotation": [37.14991797021778, -8.230959362678306, 126.98724607851723]
        }, {
            "Background": 1,
            "BitDepthColor": 10,
            "BitDepthDepth": 16,
            "ColorSpace": "YUV420",
            "DepthColorSpace": "YUV420",
            "Depth_range": [20, 1000],
            "Depthmap": 1,
            "Focal": [1564.9725172131148, 1575.8469139344263],
            "HasInvalidDepth": false,
            "Name": "v03",
            "Position": [-38.17, -35.91, 55.98],
            "Principle_point": [1024, 544],
            "Projection": "Perspective",
            "Resolution": [2048, 1088],
            "Rotation": [35.012606006558, -10.053352028684587, 122.1897082575983]
        }, {
            "Background": 1,
            "BitDepthColor": 10,
            "BitDepthDepth": 16,
            "ColorSpace": "YUV420",
            "DepthColorSpace": "YUV420",
            "Depth_range": [20, 1000],
            "Depthmap": 1,
            "Focal": [1552.03252, 1563.03515],
            "HasInvalidDepth": false,
            "Name": "v04",
            "Position": [-37.54, -32.36, 50.87],
            "Principle_point": [1024, 544],
            "Projection": "Perspective",
            "Resolution": [2048, 1088],
            "Rotation": [34.13166370255438, -13.361243595308643, 121.78013165019959]
        }, {
            "Background": 1,
            "BitDepthColor": 10,
            "BitDepthDepth": 16,
            "ColorSpace": "YUV420",
            "DepthColorSpace": "YUV420",
            "Depth_range": [20, 1000],
            "Depthmap": 1,
            "Focal": [1564.9725172131148, 1575.8469139344263],
            "HasInvalidDepth": false,
            "Name": "v05",
            "Position": [-37.02, -29.33, 45.9],
            "Principle_point": [1024, 544],
            "Projection": "Perspective",
            "Resolution": [2048, 1088],
            "Rotation": [32.14877693543863, -15.497947688367905, 117.89966954476083]
        }, {
            "Background": 1,
            "BitDepthColor": 10,
            "BitDepthDepth": 16,
            "ColorSpace": "YUV420",
            "DepthColorSpace": "YUV420",
            "Depth_range": [20, 1000],
            "Depthmap": 1,
            "Focal": [1564.9725172131148, 1575.8469139344263],
            "HasInvalidDepth": false,
            "Name": "v06",
            "Position": [-35.59, -25.85, 40.82],
            "Principle_point": [1024, 544],
            "Projection": "Perspective",
            "Resolution": [2048, 1088],
            "Rotation": [29.964488230746692, -18.906073801027212, 118.08698942012138]
        }, {
            "Background": 1,
            "BitDepthColor": 10,
            "BitDepthDepth": 16,
            "ColorSpace": "YUV420",
            "DepthColorSpace": "YUV420",
            "Depth_range": [20, 1000],
            "Depthmap": 1,
            "Focal": [1564.9725172131148, 1575.8469139344263],
            "HasInvalidDepth": false,
            "Name": "v07",
            "Position": [-34.2, -22.59, 35.91],
            "Principle_point": [1024, 544],
            "Projection": "Perspective",
            "Resolution": [2048, 1088],
            "Rotation": [29.164998817563895, -21.903171204915903, 116.95228708070046]
        }, {
            "Background": 1,
            "BitDepthColor": 10,
            "BitDepthDepth": 16,
            "ColorSpace": "YUV420",
            "DepthColorSpace": "YUV420",
            "Depth_range": [20, 1000],
            "Depthmap": 1,
            "Focal": [1564.9725172131148, 1575.8469139344263],
            "HasInvalidDepth": false,
            "Name": "v08",
            "Position": [-32.75, -19.55, 30.98],
            "Principle_point": [1024, 544],
            "Projection": "Perspective",
            "Resolution": [2048, 1088],
            "Rotation": [27.66145181274684, -25.288908323433418, 114.78662036025197]
        }, {
            "Background": 1,
            "BitDepthColor": 10,
            "BitDepthDepth": 16,
            "ColorSpace": "YUV420",
            "DepthColorSpace": "YUV420",
            "Depth_range": [20, 1000],
            "Depthmap": 1,
            "Focal": [1564.9725172131148, 1575.8469139344263],
            "HasInvalidDepth": false,
            "Name": "v09",
            "Position": [-30.55, -16.31, 26.33],
            "Principle_point": [1024, 544],
            "Projection": "Perspective",
            "Resolution": [2048, 1088],
            "Rotation": [26.222071474483126, -29.615633394300996, 112.98031505860573]
        }, {
            "Background": 1,
            "BitDepthColor": 10,
            "BitDepthDepth": 16,
            "ColorSpace": "YUV420",
            "DepthColorSpace": "YUV420",
            "Depth_range": [20, 1000],
            "Depthmap": 1,
            "Focal": [1564.9725172131148, 1575.8469139344263],
            "HasInvalidDepth": false,
            "Name": "v10",
            "Position": [-28.2, -13.25, 21.63],
            "Principle_point": [1024, 544],
            "Projection": "Perspective",
            "Resolution": [2048, 1088],
            "Rotation": [23.737857440931066, -31.564144984205228, 110.60742132551394]
        }, {
            "Background": 1,
            "BitDepthColor": 10,