{
    "BoundingBox_center": [0.0, -2.980232239e-08, 1.490116119e-08],
    "Content_name": "Breakfast",
    "Fps": 30,
    "Frames_number": 97,
    "Informative": {
        "Cameras_number": 15,
        "Object_range": [1.8, 15.0]
    },
    "Version": "4.0",
    "cameras": [
        {
            "Background": 0,
            "BitDepthColor": 10,
            "BitDepthDepth": 16,
            "ColorSpace": "YUV420",
            "DepthColorSpace": "YUV420",
            "Depth_range": [1.799999, 15.0],
            "Depthmap": 1,
            "Focal": [1533.939941, 1533.939941],
            "HasInvalidDepth": true,
            "Name": "v0",
            "Position": [0.006158560514, 0.4103583097, -0.2335643917],
            "Principle_point": [956.8494873, 528.6865234],
            "Projection": "Perspective",
            "Resolution": [1920, 1080],
            "Rotation": [-1.350587964, 0.06522566825, -0.2107127458]
        }, {
            "Background": 0,
            "BitDepthColor": 10,
            "BitDepthDepth": 16,
            "ColorSpace": "YUV420",
            "DepthColorSpace": "YUV420",
            "Depth_range": [1.799999, 15.0],
            "Depthmap": 1,
            "Focal": [1534.177979, 1534.177979],
            "HasInvalidDepth": true,
            "Name": "v1",
            "Position": [0.003494078526, 0.2067406923, -0.2334345132],
            "Principle_point": [940.8214722, 561.0830078],
            "Projection": "Perspective",
            "Resolution": [1920, 1080],
            "Rotation": [0.193307817, 0.1392337382, -0.2270022184]
        }, {
            "Background": 0,
            "BitDepthColor": 10,
            "BitDepthDepth": 16,
            "ColorSpace": "YUV420",
            "DepthColorSpace": "YUV420",
            "Depth_range": [1.799999, 15.0],
            "Depthmap": 1,
            "Focal": [1539.520996, 1539.520996],
            "HasInvalidDepth": true,
            "Name": "v2",
            "Position": [0.003394721774, -3.346800804e-05, -0.2335941941],
            "Principle_point": [928.2219849, 557.6964722],
            "Projection": "Perspective",
            "Resolution": [1920, 1080],
            "Rotation": [-0.3284705877, 0.2044009566, -0.2916429341]
        }, {
            "Background": 0,
            "BitDepthColor": 10,
            "BitDepthDepth": 16,
            "ColorSpace": "YUV420",
            "DepthColorSpace": "YUV420",
            "Depth_range": [1.799999, 15.0],
            "Depthmap": 1,
            "Focal": [1527.005005, 1527.005005],
            "HasInvalidDepth": true,
            "Name": "v3",
            "Position": [0.002361766296, -0.2056741118, -0.2324211895],
            "Principle_point": [927.5485229, 537.9295044],
            "Projection": "Perspective",
            "Resolution": [1920, 1080],
            "Rotation": [-0.1724003106, 0.1532478929, -0.2068066597]
        }, {
            "Background": 0,
            "BitDepthColor": 10,
            "BitDepthDepth": 16,
            "ColorSpace": "YUV420",
            "DepthColorSpace": "YUV420",
            "Depth_range": [1.799999, 15.0],
            "Depthmap": 1,
            "Focal": [1541.322998, 1541.322998],
            "HasInvalidDepth": true,
            "Name": "v4",
            "Position": [0.001717027277, -0.4115508795, -0.2320935875],
            "Principle_point": [932.0864868, 543.1964722],
            "Projection": "Perspective",
            "Resolution": [1920, 1080],
            "Rotation": [0.09837085009, 0.3285057545, -0.5326714516]
        }, {
            "Background": 0,
            "BitDepthColor": 10,
            "BitDepthDepth": 16,
            "ColorSpace": "YUV420",
            "DepthColorSpace": "YUV420",
            "Depth_range": [1.799999, 15.0],
            "Depthmap": 1,
            "Focal": [1534.121948, 1534.121948],
            "HasInvalidDepth": true,
            "Name": "v5",
            "Position": [0.002064553089, 0.4120030701, 0.0005157887936],
            "Principle_point": [936.2420044, 541.1749878],
            "Projection": "Perspective",
            "Resolution": [1920, 1080],
            "Rotation": [-0.1231959388, -0.2369380146, -0.1188606769]
        }, {
            "Background": 0,
            "BitDepthColor": 10,
            "BitDepthDepth": 16,
            "ColorSpace": "YUV420",
            "DepthColorSpace": "YUV420",
            "Depth_range": [1.799999, 15.0],
            "Depthmap": 1,
            "Focal": [1538.227051, 1538.227051],
            "HasInvalidDepth": true,
            "Name": "v6",
            "Position": [0.002142019104, 0.2054401189, 7.796287537e-05],
            "Principle_point": [943.8225098, 553.6925049],
            "Projection": "Perspective",
            "Resolution": [1920, 1080],
            "Rotation": [-0.4027872086, -0.001763761509, -0.2802612185]
        }, {
            "Background": 0,
            "BitDepthColor": 10,
            "BitDepthDepth": 16,
            "ColorSpace": "YUV420",
            "DepthColorSpace": "YUV420",
            "Depth_range": [1.799999, 15.0],
            "Depthmap": 1,
            "Focal": [1538.376953, 1538.376953],
            "HasInvalidDepth": true,
            "Name": "v7",
            "Position": [0.0, -2.980232239e-08, 1.490116119e-08],
            "Principle_point": [928.4169922, 550.2919922],
            "Projection": "Perspective",
            "Resolution": [1920, 1080],
            "Rotation": [0.0, -0.0, 0.0]
        }, {
            "Background": 0,
            "BitDepthColor": 10,
            "BitDepthDepth": 16,
            "ColorSpace": "YUV420",
            "DepthColorSpace": "YUV420",
            "Depth_range": [1.799999, 15.0],
            "Depthmap": 1,
            "Focal": [1534.67395, 1534.67395],
            "HasInvalidDepth": true,
            "Name": "v8",
            "Position": [-0.0009501939639, -0.2060782313, -0.0003283321857],
            "Principle_point": [940.8814697, 542.6539917],
            "Projection": "Perspective",
            "Resolution": [1920, 1080],
            "Rotation": [-0.06464005262, 0.2507838011, -0.4020613134]
        }, {
            "Background": 0,
            "BitDepthColor": 10,
            "BitDepthDepth": 16,
            "ColorSpace": "YUV420",
            "DepthColorSpace": "YUV420",
            "Depth_range": [1.799999, 15.0],
            "Depthmap": 1,
            "Focal": [1535.860962, 1535.860962],
            "HasInvalidDepth": true,
            "Name": "v9",
            "Position": [-0.001088997815, -0.4122752547, 0.001020669937],
            "Principle_point": [935.8319702, 516.2299805],
            "Projection": "Perspective",
            "Resolution": [1920, 1080],
            "Rotation": [-0.04860351607, -0.1580931991, -0.3587190807]
        }, {
            "Background": 0,
            "BitDepthColor": 10,
            "BitDepthDepth": 16,
            "ColorSpace": "YUV420",
            "DepthColorSpace": "YUV420",
            "Depth_range": [1.799999, 15.0],
            "Depthmap": 1,
            "Focal": [1535.802979, 1535.802979],
            "HasInvalidDepth": true,
            "Name": "v10",
            "Position": [-0.0008723828942, 0.4107164145, 0.2325579971],
            "Principle_point": [958.9899902, 557.6744995],
            "Projection": "Perspective",
            "Resolution": [1920, 1080],
            "Rotation": [-1.165746927, 0.04901903123, -0.694707334]
        }, {
            "Background": 0,
            "BitDepthColor": 10,
            "BitDepthDepth": 16,
            "ColorSpace": "YUV420",
            "DepthColorSpace": "YUV420",
            "Depth_range": [1.799999, 15.0],
            "Depthmap": 1,
            "Focal": [1540.462036, 1540.462036],
            "HasInvalidDepth": true,
            "Name": "v11",
            "Position": [-0.001707923599, 0.204684183, 0.2334198803],
            "Principle_point": [968.3955078, 535.2365112],
            "Projection": "Perspective",
            "Resolution": [1920, 1080],