{
    "BoundingBox_center": [-4.656612873e-10, 0.0, 0.0],
    "Content_name": "Barn",
    "Fps": 30,
    "Frames_number": 97,
    "Informative": {
        "Cameras_number": 15,
        "Object_range": [2.5, 25.0]
    },
    "Version": "4.0",
    "cameras": [
        {
            "Background": 0,
            "BitDepthColor": 10,
            "BitDepthDepth": 16,
            "ColorSpace": "YUV420",
            "DepthColorSpace": "YUV420",
            "Depth_range": [2.5, 25.0],
            "Depthmap": 1,
            "Focal": [1530.219971, 1530.219971],
            "HasInvalidDepth": true,
            "Name": "v0",
            "Position": [0.005402088165, 0.4095343351, -0.2329814136],
            "Principle_point": [957.8959961, 530.9780273],
            "Projection": "Perspective",
            "Resolution": [1920, 1080],
            "Rotation": [-1.331875801, 0.1108000055, -0.2330417931]
        }, {
            "Background": 0,
            "BitDepthColor": 10,
            "BitDepthDepth": 16,
            "ColorSpace": "YUV420",
            "DepthColorSpace": "YUV420",
            "Depth_range": [2.5, 25.0],
            "Depthmap": 1,
            "Focal": [1530.071045, 1530.071045],
            "HasInvalidDepth": true,
            "Name": "v1",
            "Position": [0.003281430108, 0.2065867186, -0.2325202376],
            "Principle_point": [942.5869751, 564.3060303],
            "Projection": "Perspective",
            "Resolution": [1920, 1080],
            "Rotation": [0.1610962749, 0.1642172337, -0.2741622925]
        }, {
            "Background": 0,
            "BitDepthColor": 10,
            "BitDepthDepth": 16,
            "ColorSpace": "YUV420",
            "DepthColorSpace": "YUV420",
            "Depth_range": [2.5, 25.0],
            "Depthmap": 1,
            "Focal": [1536.56604, 1536.56604],
            "HasInvalidDepth": true,
            "Name": "v2",
            "Position": [0.003196221078, 0.001450240612, -0.231935367],
            "Principle_point": [928.1599731, 561.503479],
            "Projection": "Perspective",
            "Resolution": [1920, 1080],
            "Rotation": [-0.3112558722, 0.2080034465, -0.3434995413]
        }, {
            "Background": 0,
            "BitDepthColor": 10,
            "BitDepthDepth": 16,
            "ColorSpace": "YUV420",
            "DepthColorSpace": "YUV420",
            "Depth_range": [2.5, 25.0],
            "Depthmap": 1,
            "Focal": [1524.515991, 1524.515991],
            "HasInvalidDepth": true,
            "Name": "v3",
            "Position": [0.002070028801, -0.203507483, -0.2316312492],
            "Principle_point": [927.0809937, 542.8649902],
            "Projection": "Perspective",
            "Resolution": [1920, 1080],
            "Rotation": [-0.1740922481, 0.163614437, -0.2416081578]
        }, {
            "Background": 0,
            "BitDepthColor": 10,
            "BitDepthDepth": 16,
            "ColorSpace": "YUV420",
            "DepthColorSpace": "YUV420",
            "Depth_range": [2.5, 25.0],
            "Depthmap": 1,
            "Focal": [1538.432007, 1538.432007],
            "HasInvalidDepth": true,
            "Name": "v4",
            "Position": [0.001467166003, -0.4079779983, -0.2303480208],
            "Principle_point": [930.677002, 549.8635254],
            "Projection": "Perspective",
            "Resolution": [1920, 1080],
            "Rotation": [0.1220356598, 0.3459565938, -0.5520833135]
        }, {
            "Background": 0,
            "BitDepthColor": 10,
            "BitDepthDepth": 16,
            "ColorSpace": "YUV420",
            "DepthColorSpace": "YUV420",
            "Depth_range": [2.5, 25.0],
            "Depthmap": 1,
            "Focal": [1530.392944, 1530.392944],
            "HasInvalidDepth": true,
            "Name": "v5",
            "Position": [0.001405019313, 0.4098579884, -9.539723396e-05],
            "Principle_point": [934.5925293, 541.4144897],
            "Projection": "Perspective",
            "Resolution": [1920, 1080],
            "Rotation": [-0.1341027021, -0.2373724729, -0.1087541059]
        }, {
            "Background": 0,
            "BitDepthColor": 10,
            "BitDepthDepth": 16,
            "ColorSpace": "YUV420",
            "DepthColorSpace": "YUV420",
            "Depth_range": [2.5, 25.0],
            "Depthmap": 1,
            "Focal": [1534.661987, 1534.661987],
            "HasInvalidDepth": true,
            "Name": "v6",
            "Position": [0.0009024012834, 0.204760164, -0.0004169046879],
            "Principle_point": [940.9860229, 556.8305054],
            "Projection": "Perspective",
            "Resolution": [1920, 1080],
            "Rotation": [-0.3935491443, 0.03895271197, -0.2820191979]
        }, {
            "Background": 0,
            "BitDepthColor": 10,
            "BitDepthDepth": 16,
            "ColorSpace": "YUV420",
            "DepthColorSpace": "YUV420",
            "Depth_range": [2.5, 25.0],
            "Depthmap": 1,
            "Focal": [1534.430054, 1534.430054],
            "HasInvalidDepth": true,
            "Name": "v7",
            "Position": [-4.656612873e-10, 0.0, 0.0],
            "Principle_point": [925.4970093, 551.246521],
            "Projection": "Perspective",
            "Resolution": [1920, 1080],
            "Rotation": [0.0, -0.0, 0.0]
        }, {
            "Background": 0,
            "BitDepthColor": 10,
            "BitDepthDepth": 16,
            "ColorSpace": "YUV420",
            "DepthColorSpace": "YUV420",
            "Depth_range": [2.5, 25.0],
            "Depthmap": 1,
            "Focal": [1531.607056, 1531.607056],
            "HasInvalidDepth": true,
            "Name": "v8",
            "Position": [-0.001018500887, -0.2050237656, -0.0006909072399],
            "Principle_point": [940.9760132, 543.9500122],
            "Projection": "Perspective",
            "Resolution": [1920, 1080],
            "Rotation": [-0.07348030061, 0.2544631958, -0.3597412109]
        }, {
            "Background": 0,
            "BitDepthColor": 10,
            "BitDepthDepth": 16,
            "ColorSpace": "YUV420",
            "DepthColorSpace": "YUV420",
            "Depth_range": [2.5, 25.0],
            "Depthmap": 1,
            "Focal": [1532.186035, 1532.186035],
            "HasInvalidDepth": true,
            "Name": "v9",
            "Position": [-0.001975653227, -0.4099613428, -5.991756916e-05],
            "Principle_point": [934.1564941, 521.1494751],
            "Projection": "Perspective",
            "Resolution": [1920, 1080],
            "Rotation": [-0.06662753224, -0.1230022758, -0.3211412728]
        }, {
            "Background": 0,
            "BitDepthColor": 10,
            "BitDepthDepth": 16,
            "ColorSpace": "YUV420",
            "DepthColorSpace": "YUV420",
            "Depth_range": [2.5, 25.0],
            "Depthmap": 1,
            "Focal": [1532.262939, 1532.262939],
            "HasInvalidDepth": true,
            "Name": "v10",
            "Position": [-0.001014128793, 0.4070290625, 0.2313420773],
            "Principle_point": [958.2730103, 559.7445068],
            "Projection": "Perspective",
            "Resolution": [1920, 1080],
            "Rotation": [-1.519779086, 0.1332937181, -0.7294561267]
        }, {
            "Background": 0,
            "BitDepthColor": 10,
            "BitDepthDepth": 16,
            "ColorSpace": "YUV420",
            "DepthColorSpace": "YUV420",
            "Depth_range": [2.5, 25.0],
            "Depthmap": 1,
            "Focal": [1536.724976, 1536.724976],
            "HasInvalidDepth": true,
            "Name": "v11",
            "Position": [-0.002055142075, 0.2025980353, 0.2317933738],
            "Principle_point": [967.09552, 538.5139771],
            "Projection": "Perspective",
            "Resolution": [1920, 1080],
            "Rotation": [-0.2952173352, -0.159351483, -0.7807281017]
        }, {
            "Background": 0,