{
    "BoundingBox_center": [0, 0, 0],
    "Content_name": "MartialArts",
    "Fps": 25,
    "Frames_number": 65,
    "Informative": {
        "Cameras_number": 15
    },
    "Version": "4.0",
    "cameras": [
        {
            "Background": 0,
            "BitDepthColor": 10,
            "BitDepthDepth": 16,
            "ColorSpace": "YUV420",
            "DepthColorSpace": "YUV420",
            "Depth_range": [0.8, 500],
            "Depthmap": 1,
            "Focal": [877.8911207505749, 884.9458658264516],
            "Name": "viewport",
            "Position": [0, 0, 0],
            "Principle_point": [944.7758804620374, 549.1763627623033],
            "Projection": "Perspective",
            "Resolution": [1920, 1080],
            "Rotation": [0, 0, 0]
        }, {
            "Background": 0,
            "BitDepthColor": 10,
            "BitDepthDepth": 16,
            "ColorSpace": "YUV420",
            "DepthColorSpace": "YUV420",
            "Depth_range": [0.8, 500],
            "Depthmap": 1,
            "Focal": [878.7362681, 885.0667764],
            "Name": "v0",
            "Position": [1.265334392632523, 3.0996649743718216, -0.3480501522288731],
            "Principle_point": [948.9774904, 538.8418074],
            "Projection": "Perspective",
            "Resolution": [1920, 1080],
            "Rotation": [-137.59385306161457, -2.9375433713804417, -6.847486929161324]
        }, {
            "Background": 0,
            "BitDepthColor": 10,
            "BitDepthDepth": 16,
            "ColorSpace": "YUV420",
            "DepthColorSpace": "YUV420",
            "Depth_range": [0.8, 500],
            "Depthmap": 1,
            "Focal": [878.156671, 885.1103697],
            "Name": "v1",
            "Position": [1.6014040395128808, 2.712071171974443, -0.3923175727956375],
            "Principle_point": [956.5540139, 550.9392977],
            "Projection": "Perspective",
            "Resolution": [1920, 1080],
            "Rotation": [-137.99371699450387, -0.7106078105378544, -5.339216469564878]
        }, {
            "Background": 0,
            "BitDepthColor": 10,
            "BitDepthDepth": 16,
            "ColorSpace": "YUV420",
            "DepthColorSpace": "YUV420",
            "Depth_range": [0.8, 500],
            "Depthmap": 1,
            "Focal": [877.8911208, 884.9458658],
            "Name": "v2",
            "Position": [2.1491603217749597, 2.112660821539185, 0.1317153468883249],
            "Principle_point": [975.2241195, 530.8236372],
            "Projection": "Perspective",
            "Resolution": [1920, 1080],
            "Rotation": [-149.90402216993076, 9.445461053509916, -4.783976599911956]
        }, {
            "Background": 0,
            "BitDepthColor": 10,
            "BitDepthDepth": 16,
            "ColorSpace": "YUV420",
            "DepthColorSpace": "YUV420",
            "Depth_range": [0.8, 500],
            "Depthmap": 1,
            "Focal": [880.1022895, 887.5158352],
            "Name": "v3",
            "Position": [2.1370892518673053, 1.8121531430364424, -0.4653696713353888],
            "Principle_point": [941.5813844, 562.2416973],
            "Projection": "Perspective",
            "Resolution": [1920, 1080],
            "Rotation": [-159.85811108258986, -4.527289231014214, -5.656844699647618]
        }, {
            "Background": 0,
            "BitDepthColor": 10,
            "BitDepthDepth": 16,
            "ColorSpace": "YUV420",
            "DepthColorSpace": "YUV420",
            "Depth_range": [0.8, 500],
            "Depthmap": 1,
            "Focal": [876.0568826, 883.2959825],
            "Name": "v4",
            "Position": [2.291408056966937, 1.3240511440103353, -0.5132781984492338],
            "Principle_point": [942.8752043, 537.8890455],
            "Projection": "Perspective",
            "Resolution": [1920, 1080],
            "Rotation": [-161.38188898116354, -5.156930834802939, -5.572236763551531]
        }, {
            "Background": 0,
            "BitDepthColor": 10,
            "BitDepthDepth": 16,
            "ColorSpace": "YUV420",
            "DepthColorSpace": "YUV420",
            "Depth_range": [0.8, 500],
            "Depthmap": 1,
            "Focal": [881.6387116, 888.695585],
            "Name": "v5",
            "Position": [2.474097304427167, 1.1317892563220227, 0.0997126344993005],
            "Principle_point": [966.5190384, 575.6481407],
            "Projection": "Perspective",
            "Resolution": [1920, 1080],
            "Rotation": [-172.5063176484614, 10.264189160033288, -3.377014721028014]
        }, {
            "Background": 0,
            "BitDepthColor": 10,
            "BitDepthDepth": 16,
            "ColorSpace": "YUV420",
            "DepthColorSpace": "YUV420",
            "Depth_range": [0.8, 500],
            "Depthmap": 1,
            "Focal": [880.5599167, 887.3774464],
            "Name": "v6",
            "Position": [2.5310257686990996, 0.6241124904747899, 0.0917233828434506],
            "Principle_point": [959.8076607, 528.0609898],
            "Projection": "Perspective",
            "Resolution": [1920, 1080],
            "Rotation": [-172.55364466196892, 5.302417936913789, -1.3407956054347654]
        }, {
            "Background": 0,
            "BitDepthColor": 10,
            "BitDepthDepth": 16,
            "ColorSpace": "YUV420",
            "DepthColorSpace": "YUV420",
            "Depth_range": [0.8, 500],
            "Depthmap": 1,
            "Focal": [875.3848383, 882.2756413],
            "Name": "v7",
            "Position": [2.486193100835172, 0.2952104260946894, -0.5069197147150116],
            "Principle_point": [933.4673788, 544.365454],
            "Projection": "Perspective",
            "Resolution": [1920, 1080],
            "Rotation": [-177.02036825112307, -5.350152376954913, -0.3044711446776044]
        }, {
            "Background": 0,
            "BitDepthColor": 10,
            "BitDepthDepth": 16,
            "ColorSpace": "YUV420",
            "DepthColorSpace": "YUV420",
            "Depth_range": [0.8, 500],
            "Depthmap": 1,
            "Focal": [881.300582, 888.1434068],
            "Name": "v8",
            "Position": [2.524446114078154, -0.2325773602001729, -0.5149277486271177],
            "Principle_point": [941.4223321, 528.1936554],
            "Projection": "Perspective",
            "Resolution": [1920, 1080],
            "Rotation": [-176.94402417199333, -4.401120477207698, -1.1766415285618974]
        }, {
            "Background": 0,
            "BitDepthColor": 10,
            "BitDepthDepth": 16,
            "ColorSpace": "YUV420",
            "DepthColorSpace": "YUV420",
            "Depth_range": [0.8, 500],
            "Depthmap": 1,
            "Focal": [880.3845187, 887.5041409],
            "Name": "v9",
            "Position": [2.522728703759073, -0.4932572515989793, 0.102937334883652],
            "Principle_point": [999.4723403, 538.2944067],
            "Projection": "Perspective",
            "Resolution": [1920, 1080],
            "Rotation": [175.0664316496069, 7.340998878955749, 1.4341429991657126]
        }, {
            "Background": 0,
            "BitDepthColor": 10,
            "BitDepthDepth": 16,
            "ColorSpace": "YUV420",
            "DepthColorSpace": "YUV420",
            "Depth_range": [0.8, 500],
            "Depthmap": 1,
            "Focal": [876.9314292, 884.1318787],
            "Name": "v10",
            "Position": [2.4687169362292365, -0.952959662247608, 0.11954496976762],
            "Principle_point": [930.9428695, 516.2563442],
            "Projection": "Perspective",
            "Resolution": [1920, 1080],
            "Rotation": [175.22107650198595, 5.984635670239463, 1.4859952811354151]
        }, {
            "Background": 0,
            "BitDepthColor": 10,
            "BitDepthDepth": 16,
            "ColorSpace": "YUV420",
            "DepthColorSpace": "YUV420",